Title,URL,Timestamp,Tag
বাংলাদেশ-পাকিস্তান ম্যাচ বৃষ্টির কারণে পরিত্যক্ত | Champions Trophy | Independent TV,https://www.youtube.com/watch?v=-_3PArn8rXA,218 views,BDCHANNEL
বড় রাজনৈতিক দলগুলোকে মোকাবিলায় জাতীয় নাগরিক পার্টি কতটা সক্ষম? | New Party | NCP | Independent TV,https://www.youtube.com/watch?v=yfu8NSu9AWA,520 views,BDCHANNEL
পুরো সংবিধানকে বদলে ফেলা যুক্তিযুক্ত নয়: ড. কামাল হোসেন | Dr. Kamal | Jamuna TV,https://www.youtube.com/watch?v=SKIC8jkSq2Q,1.2K views,BDCHANNEL
৮৩৪ শহীদ পরিবারকে এককালীন ৩০ লাখ টাকা দেয়ার সিদ্ধান্ত | CA Press Wings Brief | Jamuna TV,https://www.youtube.com/watch?v=a7NmwB2fPtc,4.3K views,BDCHANNEL
সরকার ব্যবস্থার পরিবর্তন না হলে সংস্কার কাজে আসবে না : মাহমুদুর রহমান | Mahmudur Rahman | NTV News,https://www.youtube.com/watch?v=SF2fXL7WPyo,48 views,BDCHANNEL
কক্সবাজারে ট্রাভেল-ট্যুরিজম ফেস্টিভ্যাল-২০২৫ উদযাপিত | Cox's Bazar | Tourism | NTV News,https://www.youtube.com/watch?v=QF2_twC4KX8,"Premieres 2/27/25, 11:45 PM",BDCHANNEL
ইরানকে দমাতে নতুন মার্কিন নিষেধাজ্ঞা | Iran-USA | USA Restrictions | Somoy TV,https://www.youtube.com/watch?v=mQXshxXZwro,152 views,BDCHANNEL
আগামীকাল পর্দা নামছে অমর একুশে বইমেলার | Boimela | Book Fair 2025 | Somoy TV,https://www.youtube.com/watch?v=CBbYoyvI5_k,248 views,BDCHANNEL
দেশের চলমান পরিস্থিতিতে কক্সবাজারের র‍্যাবের টহল জোরদার এবং চেকপোস্ট স্থাপন,https://www.youtube.com/watch?v=rYnuiJpP-TY,465 views,BDCHANNEL
বিএনপির বর্ধিত সভায় নেতাকর্মীদের সতর্ক থাকতে বলার কারণ কী?,https://www.youtube.com/watch?v=e42GfnXfgUo,88 views,BDCHANNEL
রাজনীতির ময়দানে ছাত্রদের দল জাতীয় নাগরিক পার্টি | ETV NEWS | Ekushey TV,https://www.youtube.com/watch?v=fvxV7-AsdZA,2.4K views,BDCHANNEL
"যন্ত্রাংশ ও হার্ডওয়ার পণ্যে ভ্যাট বৃদ্ধি, কঠোর আন্দোলনের হুঁশিয়ারি | ETV NEWS | Ekushey TV",https://www.youtube.com/watch?v=oNKWw-E8xtE,300 views,BDCHANNEL
"Federal workers given 15 minutes pack up, leave office",https://www.youtube.com/watch?v=KA2DWcKF2u0,8.4K views,International News
"Jobless claims spike, in worrisome sign for the US labor market",https://www.youtube.com/watch?v=UM_WCKwSkmc,19K views,International News
Thousands stranded after being freed from Myanmar's scam centres | BBC News,https://www.youtube.com/watch?v=TBxysyPoOzQ,12K views,International News
UK PM Keir Starmer says US needs security role in Ukraine ahead of Donald Trump meet | BBC News,https://www.youtube.com/watch?v=iuzj71Gd0Bo,55K views,International News
